{
  "mean_dwell_times": {
    "i": 106.9969,
    "space": 148.0151,
    "b": 105.9759,
    "e": 87.00999999999999,
    "l": 127.0046,
    "k": 106.9771,
    "g": 103.99239999999999,
    "o": 64.1388,
    "t": 64.02709999999999,
    "h": 85.9884,
    "backspace": 64.0095,
    "a": 86.9973,
    "m": 126.99589999999999,
    "w": 104.0342,
    "y": 86.9953,
    "c": 83.00909999999999,
    "n": 83.9185,
    "p": 127.09129999999999,
    "r": 131.0068,
    "\"": 123.9631,
    "shift": 500.0105,
    "f": 109.9472,
    "u": 104.0565,
    ".": 105.0273,
    "s": 126.98349999999999,
    "d": 103.9457,
    "j": 104.91109999999999,
    "caps_lock": 84.00189999999999,
    "?": 103.9587,
    "v": 107.01249999999999,
    "x": 125.0324,
    "z": 104.0148,
    "q": 104.9814,
    "!": 164.9543
  },
  "std_dwell_times": {
    "i": 0.0,
    "space": 0.0,
    "b": 0.0,
    "e": 0.0,
    "l": 0.0,
    "k": 0.0,
    "g": 0.0,
    "o": 0.0,
    "t": 0.0,
    "h": 0.0,
    "backspace": 0.0,
    "a": 0.0,
    "m": 0.0,
    "w": 0.0,
    "y": 0.0,
    "c": 0.0,
    "n": 0.0,
    "p": 0.0,
    "r": 0.0,
    "\"": 0.0,
    "shift": 0.0,
    "f": 0.0,
    "u": 0.0,
    ".": 0.0,
    "s": 0.0,
    "d": 0.0,
    "j": 0.0,
    "caps_lock": 0.0,
    "?": 0.0,
    "v": 0.0,
    "x": 0.0,
    "z": 0.0,
    "q": 0.0,
    "!": 0.0
  },
  "mean_flight_times": {
    "i\u2192space": 0.0,
    "space\u2192b": 530.2017,
    "b\u2192e": 0.0,
    "e\u2192space": 0.0,
    "space\u2192l": 207.11839999999998,
    "l\u2192i": 124.0268,
    "i\u2192k": 145.02779999999998,
    "k\u2192e": 0.0,
    "space\u2192g": 406.152,
    "g\u2192o": 26.9836,
    "o\u2192t": 0.0,
    "t\u2192space": 63.8666,
    "space\u2192t": 103.14609999999999,
    "t\u2192h": 43.9614,
    "h\u2192e": 0.0,
    "e\u2192backspace": 234.93349999999998,
    "backspace\u2192a": 416.19239999999996,
    "a\u2192t": 0.0,
    "b\u2192o": 6.0108999999999995,
    "o\u2192o": 103.0478,
    "o\u2192m": 22.9983,
    "m\u2192space": 0.0,
    "t\u2192t": 103.9831,
    "t\u2192a": 0.0,
    "a\u2192space": 27.8755,
    "g\u2192e": 21.1756,
    "e\u2192t": 105.9892,
    "h\u2192a": 0.0,
    "space\u2192w": 0.0,
    "w\u2192i": 0.0,
    "i\u2192t": 0.0,
    "h\u2192space": 0.1881,
    "space\u2192y": 43.0898,
    "y\u2192e": 19.945999999999998,
    "space\u2192c": 224.1351,
    "c\u2192a": 0.0,
    "a\u2192n": 0.0,
    "n\u2192n": 83.99759999999999,
    "n\u2192o": 86.0153,
    "space\u2192i": 105.1242,
    "i\u2192m": 24.0184,
    "m\u2192p": 106.097,
    "p\u2192o": 367.09889999999996,
    "o\u2192r": 0.0,
    "r\u2192t": 0.0,
    "space\u2192n": 45.0834,
    "n\u2192a": 0.0,
    "a\u2192backspace": 276.945,
    "a\u2192m": 50.157399999999996,
    "m\u2192e": 0.0,
    "space\u2192\"": 588.2067999999999,
    "\"\u2192shift": 0.0,
    "shift\u2192m": 253.18519999999998,
    "m\u2192a": 0.0,
    "a\u2192i": 0.0,
    "i\u2192\"": 246.0707,
    "shift\u2192space": 0.0,
    "space\u2192f": 21.1099,
    "f\u2192r": 104.0071,
    "r\u2192o": 48.8153,
    "g\u2192u": 45.994299999999996,
    "u\u2192i": 149.0283,
    "i\u2192.": 247.0273,
    ".\u2192i": 204.07479999999998,
    "i\u2192n": 0.0,
    "n\u2192t": 41.9698,
    "t\u2192e": 0.0,
    "e\u2192r": 3.9677,
    "r\u2192f": 105.0182,
    "f\u2192a": 0.0,
    "a\u2192c": 0.0,
    "c\u2192e": 0.0,
    "e\u2192shift": 80.9037,
    "e\u2192c": 65.0251,
    "a\u2192s": 0.0,
    "s\u2192u": 27.9894,
    "u\u2192e": 59.964299999999994,
    "backspace\u2192backspace": 84.0279,
    "backspace\u2192u": 180.1837,
    "u\u2192s": 0.0,
    "s\u2192e": 105.0102,
    "space\u2192a": 666.2454,
    "space\u2192s": 121.107,
    "s\u2192backspace": 276.8985,
    "backspace\u2192s": 0.0,
    "u\u2192c": 0.0,
    "c\u2192k": 27.0029,
    "k\u2192s": 0.0,
    "s\u2192space": 0.0,
    "b\u2192a": 0.0,
    "a\u2192l": 31.020699999999998,
    "l\u2192l": 84.01129999999999,
    "l\u2192s": 0.0,
    "s\u2192o": 70.0112,
    "t\u2192i": 25.982799999999997,
    "e\u2192s": 82.0039,
    "n\u2192d": 0.0,
    "d\u2192space": 5.808599999999999,
    "space\u2192j": 105.28389999999999,
    "j\u2192u": 124.03519999999999,
    "s\u2192t": 45.9916,
    "space\u2192d": 0.0,
    "d\u2192o": 8.9793,
    "o\u2192e": 58.0104,
    "w\u2192o": 293.0857,
    "r\u2192k": 46.9309,
    "k\u2192.": 187.09099999999998,
    ".\u2192space": 140.9673,
    "space\u2192caps_lock": 543.0677999999999,
    "caps_lock\u2192h": 473.2333,
    "h\u2192caps_lock": 138.8692,
    "caps_lock\u2192i": 91.0774,
    "u\u2192f": 0.0,
    "f\u2192f": 84.0364,
    "f\u2192e": 61.994499999999995,
    "r\u2192i": 46.9869,
    "n\u2192g": 0.0,
    "g\u2192space": 0.0,
    "space\u2192m": 65.1217,
    "m\u2192backspace": 188.90259999999998,
    "backspace\u2192f": 0.0,
    "space\u2192e": 81.1009,
    "r\u2192e": 0.0,
    "c\u2192t": 125.0021,
    "i\u2192l": 145.0078,
    "l\u2192e": 0.0,
    "d\u2192y": 127.03059999999999,
    "y\u2192s": 181.0133,
    "s\u2192n": 68.9772,
    "n\u2192f": 41.006499999999996,
    "f\u2192u": 0.0,
    "u\u2192backspace": 271.9445,
    "f\u2192backspace": 152.9037,
    "u\u2192n": 42.9795,
    "n\u2192c": 0.0,
    "i\u2192o": 126.04209999999999,
    "o\u2192n": 101.98649999999999,
    "n\u2192?": 190.9975,
    "?\u2192shift": 0.0,
    "space\u2192h": 104.0683,
    "a\u2192v": 88.06259999999999,
    "v\u2192e": 0.0,
    "space\u2192p": 7.0028999999999995,
    "p\u2192r": 0.0,
    "o\u2192b": 19.970399999999998,
    "b\u2192l": 47.0028,
    "e\u2192m": 48.003299999999996,
    "m\u2192s": 37.990899999999996,
    "y\u2192o": 0.0,
    "o\u2192u": 162.9047,
    "u\u2192r": 0.0,
    "r\u2192space": 85.9031,
    "p\u2192e": 15.969,
    "e\u2192n": 67.98729999999999,
    "n\u2192i": 43.9798,
    "i\u2192s": 0.0,
    "s\u2192?": 156.08599999999998,
    "t\u2192r": 0.0,
    "r\u2192y": 44.997299999999996,
    "y\u2192backspace": 495.9862,
    "backspace\u2192y": 0.0,
    "y\u2192space": 0.0,
    "c\u2192o": 0.0,
    "o\u2192p": 0.0,
    "p\u2192c": 58.0511,
    "c\u2192backspace": 395.94919999999996,
    "backspace\u2192o": 342.1701,
    "o\u2192c": 37.9833,
    "k\u2192space": 0.0,
    "l\u2192space": 40.9098,
    "p\u2192h": 0.0,
    "h\u2192o": 0.0,
    "o\u2192s": 56.013999999999996,
    "s\u2192p": 335.09319999999997,
    "l\u2192a": 14.9872,
    "backspace\u2192i": 221.1576,
    "t\u2192o": 46.9736,
    "space\u2192o": 86.1194,
    "n\u2192space": 0.0,
    "r\u2192u": 25.9925,
    "o\u2192l": 123.0376,
    "l\u2192u": 182.0385,
    "u\u2192t": 0.0,
    "f\u2192o": 27.9698,
    "w\u2192a": 22.1796,
    "s\u2192s": 83.92569999999999,
    "u\u2192p": 187.2533,
    "p\u2192p": 84.00789999999999,
    "p\u2192space": 18.8931,
    "t\u2192s": 121.01389999999999,
    "w\u2192h": 67.9746,
    "s\u2192a": 22.034699999999997,
    "a\u2192y": 68.0369,
    "y\u2192i": 25.007299999999997,
    "o\u2192space": 19.894299999999998,
    "g\u2192i": 25.981399999999997,
    "i\u2192b": 43.9664,
    "b\u2192v": 0.0,
    "v\u2192i": 6.0001,
    "n\u2192backspace": 514.9759,
    "t\u2192backspace": 354.95099999999996,
    "backspace\u2192d": 0.0,
    "d\u2192a": 0.0,
    "caps_lock\u2192a": 125.16279999999999,
    "i\u2192caps_lock": 0.0,
    "caps_lock\u2192space": 0.0,
    "m\u2192o": 24.012999999999998,
    "o\u2192d": 36.960499999999996,
    "d\u2192e": 124.0259,
    "e\u2192l": 69.7538,
    "b\u2192r": 0.0,
    "u\u2192space": 0.0,
    "e\u2192?": 155.0618,
    "i\u2192backspace": 273.8999,
    "backspace\u2192caps_lock": 30.9912,
    "caps_lock\u2192backspace": 136.8065,
    "backspace\u2192l": 140.1404,
    "l\u2192caps_lock": 14.852699999999999,
    "i\u2192v": 0.0,
    "s\u2192i": 0.0,
    "i\u2192d": 142.9882,
    "d\u2192n": 0.0,
    "n\u2192e": 100.1857,
    "f\u2192i": 0.0,
    "i\u2192x": 0.0,
    "x\u2192i": 109.03609999999999,
    "a\u2192p": 0.0,
    "p\u2192s": 0.0,
    "space\u2192backspace": 313.2118,
    "backspace\u2192p": 102.14179999999999,
    "o\u2192w": 16.978099999999998,
    "w\u2192e": 105.0189,
    "e\u2192v": 45.009499999999996,